/*
Navicat MySQL Data Transfer

Source Server         : localhost_3306
Source Server Version : 50560
Source Host           : localhost:3306
Source Database       : test

Target Server Type    : MYSQL
Target Server Version : 50560
File Encoding         : 65001

Date: 2021-02-19 21:08:04
*/

SET FOREIGN_KEY_CHECKS=0;

-- ----------------------------
-- Table structure for tab_area
-- ----------------------------
DROP TABLE IF EXISTS `tab_area`;
CREATE TABLE `tab_area` (
  `area_id` int(11) NOT NULL,
  `area_name` varchar(255) DEFAULT NULL,
  PRIMARY KEY (`area_id`)
) ENGINE=InnoDB DEFAULT CHARSET=utf8;

-- ----------------------------
-- Records of tab_area
-- ----------------------------
INSERT INTO `tab_area` VALUES ('0', '请选择');
INSERT INTO `tab_area` VALUES ('1', '北京');
INSERT INTO `tab_area` VALUES ('2', '上海');
INSERT INTO `tab_area` VALUES ('3', '广州');
INSERT INTO `tab_area` VALUES ('4', '深圳');

-- ----------------------------
-- Table structure for tab_education
-- ----------------------------
DROP TABLE IF EXISTS `tab_education`;
CREATE TABLE `tab_education` (
  `education_id` int(11) NOT NULL,
  `education_name` varchar(255) DEFAULT NULL,
  PRIMARY KEY (`education_id`)
) ENGINE=InnoDB DEFAULT CHARSET=utf8;

-- ----------------------------
-- Records of tab_education
-- ----------------------------
INSERT INTO `tab_education` VALUES ('0', '请选择');
INSERT INTO `tab_education` VALUES ('1', '初中及以下');
INSERT INTO `tab_education` VALUES ('2', '高中');
INSERT INTO `tab_education` VALUES ('3', '中技');
INSERT INTO `tab_education` VALUES ('4', '中专');
INSERT INTO `tab_education` VALUES ('5', '大专');
INSERT INTO `tab_education` VALUES ('6', '本科');
INSERT INTO `tab_education` VALUES ('7', '硕士');
INSERT INTO `tab_education` VALUES ('8', '博士');

-- ----------------------------
-- Table structure for tab_friend
-- ----------------------------
DROP TABLE IF EXISTS `tab_friend`;
CREATE TABLE `tab_friend` (
  `user_id` varchar(11) NOT NULL,
  `user_name` varchar(255) DEFAULT NULL,
  `friend_id` varchar(11) NOT NULL,
  `friend_name` varchar(255) DEFAULT NULL,
  PRIMARY KEY (`user_id`,`friend_id`),
  KEY `friend_id` (`friend_id`),
  CONSTRAINT `tab_friend_ibfk_1` FOREIGN KEY (`user_id`) REFERENCES `tab_user` (`user_id`) ON DELETE CASCADE ON UPDATE CASCADE,
  CONSTRAINT `tab_friend_ibfk_2` FOREIGN KEY (`friend_id`) REFERENCES `tab_user` (`user_id`) ON DELETE CASCADE ON UPDATE CASCADE
) ENGINE=InnoDB DEFAULT CHARSET=utf8;

-- ----------------------------
-- Records of tab_friend
-- ----------------------------
INSERT INTO `tab_friend` VALUES ('111', '张三', '222', '李四');
INSERT INTO `tab_friend` VALUES ('111', '张三', '333', '王五');
INSERT INTO `tab_friend` VALUES ('222', '李四', '111', '张三');
INSERT INTO `tab_friend` VALUES ('222', '李四', '333', '王五');
INSERT INTO `tab_friend` VALUES ('333', '王五', '111', '张三');
INSERT INTO `tab_friend` VALUES ('333', '王五', '222', '李四');

-- ----------------------------
-- Table structure for tab_job
-- ----------------------------
DROP TABLE IF EXISTS `tab_job`;
CREATE TABLE `tab_job` (
  `job_id` varchar(255) NOT NULL,
  `job_name` varchar(255) DEFAULT NULL,
  `job_href` varchar(255) DEFAULT NULL,
  `job_area` varchar(255) DEFAULT NULL,
  `job_welf` varchar(255) DEFAULT NULL,
  `job_msg` varchar(8192) DEFAULT NULL,
  `job_year` varchar(255) DEFAULT NULL,
  `job_education` varchar(255) DEFAULT NULL,
  `job_demand` varchar(255) DEFAULT NULL,
  `job_attr` varchar(255) DEFAULT NULL,
  `salary_min` int(11) DEFAULT NULL,
  `salary_max` int(11) DEFAULT NULL,
  `issue_date` varchar(255) DEFAULT NULL,
  `company_name` varchar(255) DEFAULT NULL,
  `company_href` varchar(255) DEFAULT NULL,
  `company_area` varchar(255) DEFAULT NULL,
  `company_type` varchar(255) DEFAULT NULL,
  `company_size` varchar(255) DEFAULT NULL,
  `company_ind` varchar(255) DEFAULT NULL,
  `company_attr` varchar(255) DEFAULT NULL,
  `company_msg` varchar(8192) DEFAULT NULL,
  PRIMARY KEY (`job_id`)
) ENGINE=InnoDB DEFAULT CHARSET=utf8;

-- ----------------------------
-- Records of tab_job
-- ----------------------------

-- ----------------------------
-- Table structure for tab_position
-- ----------------------------
DROP TABLE IF EXISTS `tab_position`;
CREATE TABLE `tab_position` (
  `position_id` int(11) NOT NULL,
  `position_name` varchar(255) DEFAULT NULL,
  PRIMARY KEY (`position_id`)
) ENGINE=InnoDB DEFAULT CHARSET=utf8;

-- ----------------------------
-- Records of tab_position
-- ----------------------------
INSERT INTO `tab_position` VALUES ('0', '请选择');
INSERT INTO `tab_position` VALUES ('1', 'java');
INSERT INTO `tab_position` VALUES ('2', 'php');
INSERT INTO `tab_position` VALUES ('3', 'c/c++');
INSERT INTO `tab_position` VALUES ('4', 'python');
INSERT INTO `tab_position` VALUES ('5', 'android');
INSERT INTO `tab_position` VALUES ('6', 'ios');
INSERT INTO `tab_position` VALUES ('7', 'web');
INSERT INTO `tab_position` VALUES ('8', 'html5');
INSERT INTO `tab_position` VALUES ('9', '测试');
INSERT INTO `tab_position` VALUES ('10', '运维');

-- ----------------------------
-- Table structure for tab_post
-- ----------------------------
DROP TABLE IF EXISTS `tab_post`;
CREATE TABLE `tab_post` (
  `post_id` varchar(255) NOT NULL,
  `post_title` varchar(255) DEFAULT NULL,
  `post_content` varchar(255) DEFAULT NULL,
  `user_id` varchar(11) DEFAULT NULL,
  `user_name` varchar(255) DEFAULT NULL,
  `create_time` datetime DEFAULT NULL,
  PRIMARY KEY (`post_id`),
  KEY `user_id` (`user_id`),
  CONSTRAINT `tab_post_ibfk_1` FOREIGN KEY (`user_id`) REFERENCES `tab_user` (`user_id`) ON DELETE CASCADE ON UPDATE CASCADE
) ENGINE=InnoDB DEFAULT CHARSET=utf8;

-- ----------------------------
-- Records of tab_post
-- ----------------------------
INSERT INTO `tab_post` VALUES ('17759237926912', '求职', '春招和求职11111', '111', '张三', '2021-02-19 08:10:41');
INSERT INTO `tab_post` VALUES ('17939085508608', '学习', '今天刷了100个题目', '222', '李四', '2021-02-19 20:04:36');

-- ----------------------------
-- Table structure for tab_reply
-- ----------------------------
DROP TABLE IF EXISTS `tab_reply`;
CREATE TABLE `tab_reply` (
  `reply_id` varchar(255) NOT NULL,
  `post_id` varchar(255) DEFAULT NULL,
  `reply_content` varchar(255) DEFAULT NULL,
  `user_id` varchar(11) DEFAULT NULL,
  `user_name` varchar(255) DEFAULT NULL,
  `create_time` datetime DEFAULT NULL,
  PRIMARY KEY (`reply_id`),
  KEY `post_id` (`post_id`),
  KEY `user_id` (`user_id`),
  CONSTRAINT `tab_reply_ibfk_1` FOREIGN KEY (`post_id`) REFERENCES `tab_post` (`post_id`) ON DELETE CASCADE ON UPDATE CASCADE,
  CONSTRAINT `tab_reply_ibfk_2` FOREIGN KEY (`user_id`) REFERENCES `tab_user` (`user_id`) ON DELETE CASCADE ON UPDATE CASCADE
) ENGINE=InnoDB DEFAULT CHARSET=utf8;

-- ----------------------------
-- Records of tab_reply
-- ----------------------------
INSERT INTO `tab_reply` VALUES ('17759237926913', '17759237926912', '求大佬指点', '111', '张三', '2021-02-19 08:11:06');
INSERT INTO `tab_reply` VALUES ('17759237926914', '17759237926912', '有人吗', '111', '张三', '2021-02-19 08:11:18');
INSERT INTO `tab_reply` VALUES ('17934501117952', '17759237926912', '111', '111', '张三', '2021-02-19 19:46:15');
INSERT INTO `tab_reply` VALUES ('17934501117953', '17759237926912', '222', '111', '张三', '2021-02-19 19:46:19');
INSERT INTO `tab_reply` VALUES ('17934501117954', '17759237926912', '333', '111', '张三', '2021-02-19 19:46:23');
INSERT INTO `tab_reply` VALUES ('17939085508609', '17939085508608', '6666', '222', '李四', '2021-02-19 20:04:43');
INSERT INTO `tab_reply` VALUES ('17939085508610', '17939085508608', '77777', '111', '张三', '2021-02-19 20:05:06');

-- ----------------------------
-- Table structure for tab_salary
-- ----------------------------
DROP TABLE IF EXISTS `tab_salary`;
CREATE TABLE `tab_salary` (
  `salary_id` int(11) NOT NULL,
  `salary_name` varchar(255) DEFAULT NULL,
  PRIMARY KEY (`salary_id`)
) ENGINE=InnoDB DEFAULT CHARSET=utf8;

-- ----------------------------
-- Records of tab_salary
-- ----------------------------
INSERT INTO `tab_salary` VALUES ('0', '请选择');
INSERT INTO `tab_salary` VALUES ('1', '1k-3k');
INSERT INTO `tab_salary` VALUES ('2', '3k-5k');
INSERT INTO `tab_salary` VALUES ('3', '5k-8k');
INSERT INTO `tab_salary` VALUES ('4', '8k-10k');
INSERT INTO `tab_salary` VALUES ('5', '10k-15k');
INSERT INTO `tab_salary` VALUES ('6', '15k-20k');
INSERT INTO `tab_salary` VALUES ('7', '20k-25k');
INSERT INTO `tab_salary` VALUES ('8', '25k-30k');

-- ----------------------------
-- Table structure for tab_store
-- ----------------------------
DROP TABLE IF EXISTS `tab_store`;
CREATE TABLE `tab_store` (
  `user_id` varchar(255) NOT NULL,
  `user_name` varchar(255) DEFAULT NULL,
  `job_id` varchar(255) NOT NULL,
  `job_name` varchar(255) DEFAULT NULL,
  `create_time` datetime DEFAULT NULL,
  PRIMARY KEY (`user_id`,`job_id`),
  CONSTRAINT `tab_store_ibfk_1` FOREIGN KEY (`user_id`) REFERENCES `tab_user` (`user_id`) ON DELETE CASCADE ON UPDATE CASCADE
) ENGINE=InnoDB DEFAULT CHARSET=utf8;

-- ----------------------------
-- Records of tab_store
-- ----------------------------
INSERT INTO `tab_store` VALUES ('111', '张三', '123326812', '驻场工程师', '2021-02-19 06:24:07');
INSERT INTO `tab_store` VALUES ('111', '张三', '123772404', '前端工程师', '2021-02-06 09:02:32');
INSERT INTO `tab_store` VALUES ('222', '李四', '124723032', 'Web前端开发工程师', '2021-02-06 09:02:32');
INSERT INTO `tab_store` VALUES ('222', '李四', '125248126', '软件测试研发工程师', '2021-02-06 09:02:32');
INSERT INTO `tab_store` VALUES ('222', '李四', '126576655', 'IT运维工程师 / 网络维护', '2021-02-06 09:02:32');

-- ----------------------------
-- Table structure for tab_user
-- ----------------------------
DROP TABLE IF EXISTS `tab_user`;
CREATE TABLE `tab_user` (
  `user_id` varchar(11) NOT NULL,
  `user_name` varchar(255) DEFAULT NULL,
  `user_pass` varchar(255) DEFAULT NULL,
  `position_id` int(11) DEFAULT '0',
  `salary_id` int(11) DEFAULT '0',
  `area_id` int(11) DEFAULT '0',
  `year_id` int(11) DEFAULT '0',
  `education_id` int(11) DEFAULT '0',
  `create_time` datetime DEFAULT NULL,
  PRIMARY KEY (`user_id`)
) ENGINE=InnoDB DEFAULT CHARSET=utf8;

-- ----------------------------
-- Records of tab_user
-- ----------------------------
INSERT INTO `tab_user` VALUES ('111', '张三', '123456', '0', '0', '0', '0', '0', '2021-02-06 07:31:12');
INSERT INTO `tab_user` VALUES ('222', '李四', '123456', '0', '0', '0', '1', '6', '2021-02-18 07:31:12');
INSERT INTO `tab_user` VALUES ('333', '王五', '123456', '0', '0', '0', '0', '0', '2021-02-13 07:31:12');

-- ----------------------------
-- Table structure for tab_year
-- ----------------------------
DROP TABLE IF EXISTS `tab_year`;
CREATE TABLE `tab_year` (
  `year_id` int(11) NOT NULL,
  `year_name` varchar(255) DEFAULT NULL,
  PRIMARY KEY (`year_id`)
) ENGINE=InnoDB DEFAULT CHARSET=utf8;

-- ----------------------------
-- Records of tab_year
-- ----------------------------
INSERT INTO `tab_year` VALUES ('0', '请选择');
INSERT INTO `tab_year` VALUES ('1', '在校生/应届生');
INSERT INTO `tab_year` VALUES ('2', '1年经验');
INSERT INTO `tab_year` VALUES ('3', '2年经验');
INSERT INTO `tab_year` VALUES ('4', '3-4年经验');
INSERT INTO `tab_year` VALUES ('5', '5-7年经验');
INSERT INTO `tab_year` VALUES ('6', '8-9年经验');
INSERT INTO `tab_year` VALUES ('7', '10年经验以上');

-- ----------------------------
-- Table structure for worker_node
-- ----------------------------
DROP TABLE IF EXISTS `worker_node`;
CREATE TABLE `worker_node` (
  `ID` bigint(20) NOT NULL AUTO_INCREMENT COMMENT 'auto increment id',
  `HOST_NAME` varchar(64) NOT NULL COMMENT 'host name',
  `PORT` varchar(64) NOT NULL COMMENT 'port',
  `TYPE` int(11) NOT NULL COMMENT 'node type: CONTAINER(1), ACTUAL(2), FAKE(3)',
  `LAUNCH_DATE` date NOT NULL COMMENT 'launch date',
  `MODIFIED` timestamp NOT NULL DEFAULT CURRENT_TIMESTAMP ON UPDATE CURRENT_TIMESTAMP COMMENT 'modified time',
  `CREATED` timestamp NOT NULL DEFAULT '0000-00-00 00:00:00' COMMENT 'created time',
  PRIMARY KEY (`ID`)
) ENGINE=InnoDB AUTO_INCREMENT=326 DEFAULT CHARSET=utf8 COMMENT='DB WorkerID Assigner for UID Generator';

-- ----------------------------
-- Records of worker_node
-- ----------------------------
INSERT INTO `worker_node` VALUES ('1', '192.168.2.170', '1610081450624-78052', '2', '2021-01-08', '2021-01-08 12:50:50', '2021-01-08 12:50:50');
INSERT INTO `worker_node` VALUES ('2', '192.168.2.170', '1610081589707-12058', '2', '2021-01-08', '2021-01-08 12:53:09', '2021-01-08 12:53:09');
INSERT INTO `worker_node` VALUES ('3', '192.168.2.170', '1610081793127-41434', '2', '2021-01-08', '2021-01-08 12:56:33', '2021-01-08 12:56:33');
INSERT INTO `worker_node` VALUES ('4', '192.168.2.170', '1610090108605-78030', '2', '2021-01-08', '2021-01-08 15:15:08', '2021-01-08 15:15:08');
INSERT INTO `worker_node` VALUES ('5', '192.168.2.170', '1610090529711-96128', '2', '2021-01-08', '2021-01-08 15:22:09', '2021-01-08 15:22:09');
INSERT INTO `worker_node` VALUES ('6', '192.168.2.170', '1610091512057-87979', '2', '2021-01-08', '2021-01-08 15:38:32', '2021-01-08 15:38:32');
INSERT INTO `worker_node` VALUES ('7', '192.168.2.170', '1610091653950-56993', '2', '2021-01-08', '2021-01-08 15:40:53', '2021-01-08 15:40:53');
INSERT INTO `worker_node` VALUES ('8', '192.168.2.170', '1610105532513-25177', '2', '2021-01-08', '2021-01-08 19:32:12', '2021-01-08 19:32:12');
INSERT INTO `worker_node` VALUES ('9', '192.168.2.170', '1610105582332-6563', '2', '2021-01-08', '2021-01-08 19:33:02', '2021-01-08 19:33:02');
INSERT INTO `worker_node` VALUES ('10', '192.168.2.170', '1610106547590-70517', '2', '2021-01-08', '2021-01-08 19:49:07', '2021-01-08 19:49:07');
INSERT INTO `worker_node` VALUES ('11', '192.168.2.170', '1610107007419-52976', '2', '2021-01-08', '2021-01-08 19:56:47', '2021-01-08 19:56:47');
INSERT INTO `worker_node` VALUES ('12', '192.168.2.170', '1610107055704-92891', '2', '2021-01-08', '2021-01-08 19:57:35', '2021-01-08 19:57:35');
INSERT INTO `worker_node` VALUES ('13', '192.168.2.170', '1610107082601-50118', '2', '2021-01-08', '2021-01-08 19:58:02', '2021-01-08 19:58:02');
INSERT INTO `worker_node` VALUES ('14', '192.168.2.170', '1610107616190-14900', '2', '2021-01-08', '2021-01-08 20:06:56', '2021-01-08 20:06:56');
INSERT INTO `worker_node` VALUES ('15', '192.168.2.170', '1610107774716-58497', '2', '2021-01-08', '2021-01-08 20:09:34', '2021-01-08 20:09:34');
INSERT INTO `worker_node` VALUES ('16', '192.168.2.170', '1610107823645-73791', '2', '2021-01-08', '2021-01-08 20:10:23', '2021-01-08 20:10:23');
INSERT INTO `worker_node` VALUES ('17', '192.168.2.170', '1610107850426-78621', '2', '2021-01-08', '2021-01-08 20:10:50', '2021-01-08 20:10:50');
INSERT INTO `worker_node` VALUES ('18', '192.168.2.170', '1610108189859-34644', '2', '2021-01-08', '2021-01-08 20:16:30', '2021-01-08 20:16:30');
INSERT INTO `worker_node` VALUES ('19', '192.168.2.170', '1610108221209-61698', '2', '2021-01-08', '2021-01-08 20:17:01', '2021-01-08 20:17:01');
INSERT INTO `worker_node` VALUES ('20', '192.168.2.170', '1610110617153-96175', '2', '2021-01-08', '2021-01-08 20:56:57', '2021-01-08 20:56:57');
INSERT INTO `worker_node` VALUES ('21', '192.168.2.170', '1610110666109-69063', '2', '2021-01-08', '2021-01-08 20:57:46', '2021-01-08 20:57:46');
INSERT INTO `worker_node` VALUES ('22', '192.168.2.170', '1610110693522-966', '2', '2021-01-08', '2021-01-08 20:58:13', '2021-01-08 20:58:13');
INSERT INTO `worker_node` VALUES ('23', '192.168.2.170', '1610111016853-30779', '2', '2021-01-08', '2021-01-08 21:03:36', '2021-01-08 21:03:36');
INSERT INTO `worker_node` VALUES ('24', '192.168.2.170', '1610111329601-5517', '2', '2021-01-08', '2021-01-08 21:08:49', '2021-01-08 21:08:49');
INSERT INTO `worker_node` VALUES ('25', '192.168.2.170', '1610111640343-21436', '2', '2021-01-08', '2021-01-08 21:14:00', '2021-01-08 21:14:00');
INSERT INTO `worker_node` VALUES ('26', '192.168.2.170', '1610111742061-82999', '2', '2021-01-08', '2021-01-08 21:15:42', '2021-01-08 21:15:42');
INSERT INTO `worker_node` VALUES ('27', '192.168.2.170', '1610111879311-17250', '2', '2021-01-08', '2021-01-08 21:17:59', '2021-01-08 21:17:59');
INSERT INTO `worker_node` VALUES ('28', '192.168.2.170', '1610112211187-93719', '2', '2021-01-08', '2021-01-08 21:23:31', '2021-01-08 21:23:31');
INSERT INTO `worker_node` VALUES ('29', '192.168.2.170', '1610112396925-25111', '2', '2021-01-08', '2021-01-08 21:26:36', '2021-01-08 21:26:36');
INSERT INTO `worker_node` VALUES ('30', '192.168.2.170', '1610112445388-57513', '2', '2021-01-08', '2021-01-08 21:27:25', '2021-01-08 21:27:25');
INSERT INTO `worker_node` VALUES ('31', '192.168.2.170', '1610113356313-36473', '2', '2021-01-08', '2021-01-08 21:42:36', '2021-01-08 21:42:36');
INSERT INTO `worker_node` VALUES ('32', '192.168.2.170', '1610114027648-31221', '2', '2021-01-08', '2021-01-08 21:53:47', '2021-01-08 21:53:47');
INSERT INTO `worker_node` VALUES ('33', '192.168.2.170', '1610114099036-99076', '2', '2021-01-08', '2021-01-08 21:54:59', '2021-01-08 21:54:59');
INSERT INTO `worker_node` VALUES ('34', '192.168.2.170', '1610114174077-90355', '2', '2021-01-08', '2021-01-08 21:56:14', '2021-01-08 21:56:14');
INSERT INTO `worker_node` VALUES ('35', '192.168.2.170', '1610115049982-80062', '2', '2021-01-08', '2021-01-08 22:10:50', '2021-01-08 22:10:50');
INSERT INTO `worker_node` VALUES ('36', '192.168.2.170', '1610115110566-96096', '2', '2021-01-08', '2021-01-08 22:11:50', '2021-01-08 22:11:50');
INSERT INTO `worker_node` VALUES ('37', '192.168.2.170', '1610115145398-30092', '2', '2021-01-08', '2021-01-08 22:12:25', '2021-01-08 22:12:25');
INSERT INTO `worker_node` VALUES ('38', '192.168.2.170', '1610116122018-36640', '2', '2021-01-08', '2021-01-08 22:28:42', '2021-01-08 22:28:42');
INSERT INTO `worker_node` VALUES ('39', '192.168.2.170', '1610116340776-61550', '2', '2021-01-08', '2021-01-08 22:32:20', '2021-01-08 22:32:20');
INSERT INTO `worker_node` VALUES ('40', '192.168.2.170', '1610177105299-16137', '2', '2021-01-09', '2021-01-09 15:25:05', '2021-01-09 15:25:05');
INSERT INTO `worker_node` VALUES ('41', '192.168.2.170', '1610177564170-41674', '2', '2021-01-09', '2021-01-09 15:32:44', '2021-01-09 15:32:44');
INSERT INTO `worker_node` VALUES ('42', '192.168.2.170', '1610177761735-48575', '2', '2021-01-09', '2021-01-09 15:36:01', '2021-01-09 15:36:01');
INSERT INTO `worker_node` VALUES ('43', '192.168.2.170', '1610178877843-54874', '2', '2021-01-09', '2021-01-09 15:54:38', '2021-01-09 15:54:38');
INSERT INTO `worker_node` VALUES ('44', '192.168.2.170', '1610179014425-61427', '2', '2021-01-09', '2021-01-09 15:56:54', '2021-01-09 15:56:54');
INSERT INTO `worker_node` VALUES ('45', '192.168.2.170', '1610179251257-66997', '2', '2021-01-09', '2021-01-09 16:00:51', '2021-01-09 16:00:51');
INSERT INTO `worker_node` VALUES ('46', '192.168.2.170', '1610179298968-37047', '2', '2021-01-09', '2021-01-09 16:01:38', '2021-01-09 16:01:38');
INSERT INTO `worker_node` VALUES ('47', '192.168.2.170', '1610179695326-43235', '2', '2021-01-09', '2021-01-09 16:08:15', '2021-01-09 16:08:15');
INSERT INTO `worker_node` VALUES ('48', '192.168.2.170', '1610179897580-72126', '2', '2021-01-09', '2021-01-09 16:11:37', '2021-01-09 16:11:37');
INSERT INTO `worker_node` VALUES ('49', '192.168.2.170', '1610179961254-38713', '2', '2021-01-09', '2021-01-09 16:12:41', '2021-01-09 16:12:41');
INSERT INTO `worker_node` VALUES ('50', '192.168.2.170', '1610180073112-64478', '2', '2021-01-09', '2021-01-09 16:14:33', '2021-01-09 16:14:33');
INSERT INTO `worker_node` VALUES ('51', '192.168.2.170', '1610180184194-74760', '2', '2021-01-09', '2021-01-09 16:16:24', '2021-01-09 16:16:24');
INSERT INTO `worker_node` VALUES ('52', '192.168.2.170', '1610180423295-46948', '2', '2021-01-09', '2021-01-09 16:20:23', '2021-01-09 16:20:23');
INSERT INTO `worker_node` VALUES ('53', '192.168.2.170', '1610180545492-97938', '2', '2021-01-09', '2021-01-09 16:22:25', '2021-01-09 16:22:25');
INSERT INTO `worker_node` VALUES ('54', '192.168.2.170', '1610183029388-80424', '2', '2021-01-09', '2021-01-09 17:03:49', '2021-01-09 17:03:49');
INSERT INTO `worker_node` VALUES ('55', '192.168.2.170', '1610183115719-85891', '2', '2021-01-09', '2021-01-09 17:05:15', '2021-01-09 17:05:15');
INSERT INTO `worker_node` VALUES ('56', '192.168.2.170', '1610183385415-7428', '2', '2021-01-09', '2021-01-09 17:09:45', '2021-01-09 17:09:45');
INSERT INTO `worker_node` VALUES ('57', '192.168.2.170', '1610183448002-40821', '2', '2021-01-09', '2021-01-09 17:10:48', '2021-01-09 17:10:48');
INSERT INTO `worker_node` VALUES ('58', '192.168.2.170', '1610183544230-11675', '2', '2021-01-09', '2021-01-09 17:12:24', '2021-01-09 17:12:24');
INSERT INTO `worker_node` VALUES ('59', '192.168.2.170', '1610183930239-17465', '2', '2021-01-09', '2021-01-09 17:18:50', '2021-01-09 17:18:50');
INSERT INTO `worker_node` VALUES ('60', '192.168.2.170', '1610184070391-35574', '2', '2021-01-09', '2021-01-09 17:21:10', '2021-01-09 17:21:10');
INSERT INTO `worker_node` VALUES ('61', '192.168.2.170', '1610184160232-88649', '2', '2021-01-09', '2021-01-09 17:22:40', '2021-01-09 17:22:40');
INSERT INTO `worker_node` VALUES ('62', '192.168.2.170', '1610184293022-16834', '2', '2021-01-09', '2021-01-09 17:24:53', '2021-01-09 17:24:53');
INSERT INTO `worker_node` VALUES ('63', '192.168.2.170', '1610188059148-66918', '2', '2021-01-09', '2021-01-09 18:27:39', '2021-01-09 18:27:39');
INSERT INTO `worker_node` VALUES ('64', '192.168.2.170', '1610191628482-23604', '2', '2021-01-09', '2021-01-09 19:27:08', '2021-01-09 19:27:08');
INSERT INTO `worker_node` VALUES ('65', '192.168.2.170', '1610191725345-22841', '2', '2021-01-09', '2021-01-09 19:28:45', '2021-01-09 19:28:45');
INSERT INTO `worker_node` VALUES ('66', '192.168.2.170', '1610196223437-16904', '2', '2021-01-09', '2021-01-09 20:43:43', '2021-01-09 20:43:43');
INSERT INTO `worker_node` VALUES ('67', '192.168.2.170', '1610196340502-25717', '2', '2021-01-09', '2021-01-09 20:45:40', '2021-01-09 20:45:40');
INSERT INTO `worker_node` VALUES ('68', '192.168.2.170', '1610196629541-19649', '2', '2021-01-09', '2021-01-09 20:50:29', '2021-01-09 20:50:29');
INSERT INTO `worker_node` VALUES ('69', '192.168.2.170', '1610196703939-7090', '2', '2021-01-09', '2021-01-09 20:51:44', '2021-01-09 20:51:44');
INSERT INTO `worker_node` VALUES ('70', '192.168.2.170', '1610199442974-68672', '2', '2021-01-09', '2021-01-09 21:37:23', '2021-01-09 21:37:23');
INSERT INTO `worker_node` VALUES ('71', '192.168.2.170', '1610200386193-90217', '2', '2021-01-09', '2021-01-09 21:53:06', '2021-01-09 21:53:06');
INSERT INTO `worker_node` VALUES ('72', '192.168.2.170', '1610253218917-28180', '2', '2021-01-10', '2021-01-10 12:33:39', '2021-01-10 12:33:39');
INSERT INTO `worker_node` VALUES ('73', '192.168.2.170', '1610253899419-97248', '2', '2021-01-10', '2021-01-10 12:44:59', '2021-01-10 12:44:59');
INSERT INTO `worker_node` VALUES ('74', '192.168.2.170', '1610258359752-47228', '2', '2021-01-10', '2021-01-10 13:59:19', '2021-01-10 13:59:19');
INSERT INTO `worker_node` VALUES ('75', '192.168.2.170', '1610260176112-82223', '2', '2021-01-10', '2021-01-10 14:29:36', '2021-01-10 14:29:36');
INSERT INTO `worker_node` VALUES ('76', '192.168.2.170', '1610261784535-71379', '2', '2021-01-10', '2021-01-10 14:56:24', '2021-01-10 14:56:24');
INSERT INTO `worker_node` VALUES ('77', '192.168.2.170', '1610264011269-77425', '2', '2021-01-10', '2021-01-10 15:33:31', '2021-01-10 15:33:31');
INSERT INTO `worker_node` VALUES ('78', '192.168.2.170', '1610265507078-38982', '2', '2021-01-10', '2021-01-10 15:58:27', '2021-01-10 15:58:27');
INSERT INTO `worker_node` VALUES ('79', '192.168.2.170', '1610265919766-22735', '2', '2021-01-10', '2021-01-10 16:05:19', '2021-01-10 16:05:19');
INSERT INTO `worker_node` VALUES ('80', '192.168.2.170', '1610268534671-58456', '2', '2021-01-10', '2021-01-10 16:48:54', '2021-01-10 16:48:54');
INSERT INTO `worker_node` VALUES ('81', '192.168.2.170', '1610272705334-84874', '2', '2021-01-10', '2021-01-10 17:58:25', '2021-01-10 17:58:25');
INSERT INTO `worker_node` VALUES ('82', '192.168.2.170', '1610273580258-79860', '2', '2021-01-10', '2021-01-10 18:13:00', '2021-01-10 18:13:00');
INSERT INTO `worker_node` VALUES ('83', '192.168.2.170', '1610274158421-59672', '2', '2021-01-10', '2021-01-10 18:22:38', '2021-01-10 18:22:38');
INSERT INTO `worker_node` VALUES ('84', '192.168.2.170', '1610274276742-47641', '2', '2021-01-10', '2021-01-10 18:24:36', '2021-01-10 18:24:36');
INSERT INTO `worker_node` VALUES ('85', '192.168.2.170', '1610283164665-3521', '2', '2021-01-10', '2021-01-10 20:52:44', '2021-01-10 20:52:44');
INSERT INTO `worker_node` VALUES ('86', '192.168.2.170', '1610284133487-56395', '2', '2021-01-10', '2021-01-10 21:08:53', '2021-01-10 21:08:53');
INSERT INTO `worker_node` VALUES ('87', '192.168.2.170', '1610284194689-36393', '2', '2021-01-10', '2021-01-10 21:09:54', '2021-01-10 21:09:54');
INSERT INTO `worker_node` VALUES ('88', '192.168.2.170', '1610284841037-95024', '2', '2021-01-10', '2021-01-10 21:20:41', '2021-01-10 21:20:41');
INSERT INTO `worker_node` VALUES ('89', '192.168.2.170', '1610284950577-49707', '2', '2021-01-10', '2021-01-10 21:22:30', '2021-01-10 21:22:30');
INSERT INTO `worker_node` VALUES ('90', '192.168.2.170', '1610288335174-57016', '2', '2021-01-10', '2021-01-10 22:18:55', '2021-01-10 22:18:55');
INSERT INTO `worker_node` VALUES ('91', '192.168.2.170', '1610344205056-45001', '2', '2021-01-11', '2021-01-11 13:50:05', '2021-01-11 13:50:05');
INSERT INTO `worker_node` VALUES ('92', '192.168.2.170', '1610345724699-60106', '2', '2021-01-11', '2021-01-11 14:15:24', '2021-01-11 14:15:24');
INSERT INTO `worker_node` VALUES ('93', '192.168.2.170', '1610346386072-3006', '2', '2021-01-11', '2021-01-11 14:26:26', '2021-01-11 14:26:26');
INSERT INTO `worker_node` VALUES ('94', '192.168.2.170', '1610351983183-89836', '2', '2021-01-11', '2021-01-11 15:59:43', '2021-01-11 15:59:43');
INSERT INTO `worker_node` VALUES ('95', '192.168.2.170', '1610352298361-58712', '2', '2021-01-11', '2021-01-11 16:04:58', '2021-01-11 16:04:58');
INSERT INTO `worker_node` VALUES ('96', '192.168.2.170', '1610367291470-89320', '2', '2021-01-11', '2021-01-11 20:14:51', '2021-01-11 20:14:51');
INSERT INTO `worker_node` VALUES ('97', '192.168.2.170', '1610425483424-25595', '2', '2021-01-12', '2021-01-12 12:24:43', '2021-01-12 12:24:43');
INSERT INTO `worker_node` VALUES ('98', '192.168.2.170', '1610425794992-28257', '2', '2021-01-12', '2021-01-12 12:29:55', '2021-01-12 12:29:55');
INSERT INTO `worker_node` VALUES ('99', '192.168.2.170', '1610426435355-63456', '2', '2021-01-12', '2021-01-12 12:40:35', '2021-01-12 12:40:35');
INSERT INTO `worker_node` VALUES ('100', '192.168.2.170', '1611553045020-48787', '2', '2021-01-25', '2021-01-25 13:37:25', '2021-01-25 13:37:25');
INSERT INTO `worker_node` VALUES ('101', '192.168.2.170', '1611583254613-61732', '2', '2021-01-25', '2021-01-25 22:00:54', '2021-01-25 22:00:54');
INSERT INTO `worker_node` VALUES ('102', '192.168.2.170', '1611723256959-24584', '2', '2021-01-27', '2021-01-27 12:54:20', '2021-01-27 12:54:20');
INSERT INTO `worker_node` VALUES ('103', '192.168.2.170', '1611724327076-84737', '2', '2021-01-27', '2021-01-27 13:12:07', '2021-01-27 13:12:07');
INSERT INTO `worker_node` VALUES ('104', '192.168.2.170', '1611729089591-9486', '2', '2021-01-27', '2021-01-27 14:31:29', '2021-01-27 14:31:29');
INSERT INTO `worker_node` VALUES ('105', '192.168.2.170', '1611729517975-64400', '2', '2021-01-27', '2021-01-27 14:38:38', '2021-01-27 14:38:38');
INSERT INTO `worker_node` VALUES ('106', '192.168.2.170', '1611748928193-27811', '2', '2021-01-27', '2021-01-27 20:02:08', '2021-01-27 20:02:08');
INSERT INTO `worker_node` VALUES ('107', '192.168.2.170', '1611752071570-76829', '2', '2021-01-27', '2021-01-27 20:54:31', '2021-01-27 20:54:31');
INSERT INTO `worker_node` VALUES ('108', '192.168.2.170', '1611803024034-86389', '2', '2021-01-28', '2021-01-28 11:03:44', '2021-01-28 11:03:44');
INSERT INTO `worker_node` VALUES ('109', '192.168.2.170', '1611813901418-38361', '2', '2021-01-28', '2021-01-28 14:05:01', '2021-01-28 14:05:01');
INSERT INTO `worker_node` VALUES ('110', '192.168.2.170', '1611815326902-9576', '2', '2021-01-28', '2021-01-28 14:28:46', '2021-01-28 14:28:46');
INSERT INTO `worker_node` VALUES ('111', '192.168.2.170', '1611815482138-16603', '2', '2021-01-28', '2021-01-28 14:31:22', '2021-01-28 14:31:22');
INSERT INTO `worker_node` VALUES ('112', '192.168.2.170', '1611815724448-23413', '2', '2021-01-28', '2021-01-28 14:35:24', '2021-01-28 14:35:24');
INSERT INTO `worker_node` VALUES ('113', '192.168.2.170', '1611815863752-99167', '2', '2021-01-28', '2021-01-28 14:37:43', '2021-01-28 14:37:43');
INSERT INTO `worker_node` VALUES ('114', '192.168.2.170', '1611843719143-72711', '2', '2021-01-28', '2021-01-28 22:21:59', '2021-01-28 22:21:59');
INSERT INTO `worker_node` VALUES ('115', '192.168.2.170', '1611845198902-37347', '2', '2021-01-28', '2021-01-28 22:46:38', '2021-01-28 22:46:38');
INSERT INTO `worker_node` VALUES ('116', '192.168.2.170', '1611845383918-64182', '2', '2021-01-28', '2021-01-28 22:49:43', '2021-01-28 22:49:43');
INSERT INTO `worker_node` VALUES ('117', '192.168.2.170', '1611845580521-14709', '2', '2021-01-28', '2021-01-28 22:53:00', '2021-01-28 22:53:00');
INSERT INTO `worker_node` VALUES ('118', '192.168.2.170', '1611886443281-99948', '2', '2021-01-29', '2021-01-29 10:14:03', '2021-01-29 10:14:03');
INSERT INTO `worker_node` VALUES ('119', '192.168.2.170', '1611886561087-57233', '2', '2021-01-29', '2021-01-29 10:16:01', '2021-01-29 10:16:01');
INSERT INTO `worker_node` VALUES ('120', '192.168.2.170', '1611886577477-10396', '2', '2021-01-29', '2021-01-29 10:16:17', '2021-01-29 10:16:17');
INSERT INTO `worker_node` VALUES ('121', '192.168.2.170', '1611886616267-88896', '2', '2021-01-29', '2021-01-29 10:16:56', '2021-01-29 10:16:56');
INSERT INTO `worker_node` VALUES ('122', '192.168.2.170', '1611886710422-53166', '2', '2021-01-29', '2021-01-29 10:18:30', '2021-01-29 10:18:30');
INSERT INTO `worker_node` VALUES ('123', '192.168.2.170', '1611911838786-32096', '2', '2021-01-29', '2021-01-29 17:17:18', '2021-01-29 17:17:18');
INSERT INTO `worker_node` VALUES ('124', '192.168.2.170', '1611911982611-5122', '2', '2021-01-29', '2021-01-29 17:19:42', '2021-01-29 17:19:42');
INSERT INTO `worker_node` VALUES ('125', '192.168.2.170', '1611912451903-16358', '2', '2021-01-29', '2021-01-29 17:27:31', '2021-01-29 17:27:31');
INSERT INTO `worker_node` VALUES ('126', '192.168.2.170', '1611912568322-60028', '2', '2021-01-29', '2021-01-29 17:29:28', '2021-01-29 17:29:28');
INSERT INTO `worker_node` VALUES ('127', '192.168.2.170', '1611931022992-42889', '2', '2021-01-29', '2021-01-29 22:37:03', '2021-01-29 22:37:03');
INSERT INTO `worker_node` VALUES ('128', '192.168.2.170', '1611931695098-63320', '2', '2021-01-29', '2021-01-29 22:48:15', '2021-01-29 22:48:15');
INSERT INTO `worker_node` VALUES ('129', '192.168.2.170', '1611932806234-77024', '2', '2021-01-29', '2021-01-29 23:06:46', '2021-01-29 23:06:46');
INSERT INTO `worker_node` VALUES ('130', '192.168.2.170', '1611932983602-9716', '2', '2021-01-29', '2021-01-29 23:09:43', '2021-01-29 23:09:43');
INSERT INTO `worker_node` VALUES ('131', '192.168.2.170', '1611933406323-61897', '2', '2021-01-29', '2021-01-29 23:16:46', '2021-01-29 23:16:46');
INSERT INTO `worker_node` VALUES ('132', '192.168.2.170', '1611933827007-51680', '2', '2021-01-29', '2021-01-29 23:23:47', '2021-01-29 23:23:47');
INSERT INTO `worker_node` VALUES ('133', '192.168.2.170', '1611934987768-58694', '2', '2021-01-29', '2021-01-29 23:43:07', '2021-01-29 23:43:07');
INSERT INTO `worker_node` VALUES ('134', '192.168.2.170', '1611935026629-97581', '2', '2021-01-29', '2021-01-29 23:43:46', '2021-01-29 23:43:46');
INSERT INTO `worker_node` VALUES ('135', '192.168.2.170', '1612013275914-98443', '2', '2021-01-30', '2021-01-30 21:27:55', '2021-01-30 21:27:55');
INSERT INTO `worker_node` VALUES ('136', '192.168.2.170', '1612013482909-2052', '2', '2021-01-30', '2021-01-30 21:31:22', '2021-01-30 21:31:22');
INSERT INTO `worker_node` VALUES ('137', '192.168.2.170', '1612013545842-71853', '2', '2021-01-30', '2021-01-30 21:32:26', '2021-01-30 21:32:26');
INSERT INTO `worker_node` VALUES ('138', '192.168.2.170', '1612014076673-41751', '2', '2021-01-30', '2021-01-30 21:41:16', '2021-01-30 21:41:16');
INSERT INTO `worker_node` VALUES ('139', '192.168.2.170', '1612064419300-31223', '2', '2021-01-31', '2021-01-31 11:40:19', '2021-01-31 11:40:19');
INSERT INTO `worker_node` VALUES ('140', '192.168.2.170', '1612103964824-66552', '2', '2021-01-31', '2021-01-31 22:39:26', '2021-01-31 22:39:26');
INSERT INTO `worker_node` VALUES ('141', '192.168.2.170', '1612105338386-28727', '2', '2021-01-31', '2021-01-31 23:02:18', '2021-01-31 23:02:18');
INSERT INTO `worker_node` VALUES ('142', '192.168.2.170', '1612154716146-11721', '2', '2021-02-01', '2021-02-01 12:45:16', '2021-02-01 12:45:16');
INSERT INTO `worker_node` VALUES ('143', '192.168.2.170', '1612179342377-35132', '2', '2021-02-01', '2021-02-01 19:35:42', '2021-02-01 19:35:42');
INSERT INTO `worker_node` VALUES ('144', '192.168.2.170', '1612226278741-95922', '2', '2021-02-02', '2021-02-02 08:37:58', '2021-02-02 08:37:58');
INSERT INTO `worker_node` VALUES ('145', '192.168.2.170', '1612226615866-93468', '2', '2021-02-02', '2021-02-02 08:43:36', '2021-02-02 08:43:36');
INSERT INTO `worker_node` VALUES ('146', '192.168.2.170', '1612226987481-56419', '2', '2021-02-02', '2021-02-02 08:49:47', '2021-02-02 08:49:47');
INSERT INTO `worker_node` VALUES ('147', '192.168.2.170', '1612227609228-24184', '2', '2021-02-02', '2021-02-02 09:00:09', '2021-02-02 09:00:09');
INSERT INTO `worker_node` VALUES ('148', '192.168.2.170', '1612365843054-54874', '2', '2021-02-03', '2021-02-03 23:24:03', '2021-02-03 23:24:03');
INSERT INTO `worker_node` VALUES ('149', '192.168.2.170', '1612367312107-39697', '2', '2021-02-03', '2021-02-03 23:48:32', '2021-02-03 23:48:32');
INSERT INTO `worker_node` VALUES ('150', '192.168.2.170', '1612419334766-45217', '2', '2021-02-04', '2021-02-04 14:15:34', '2021-02-04 14:15:34');
INSERT INTO `worker_node` VALUES ('151', '192.168.2.170', '1612420745713-46863', '2', '2021-02-04', '2021-02-04 14:39:05', '2021-02-04 14:39:05');
INSERT INTO `worker_node` VALUES ('152', '192.168.2.170', '1612420874518-83735', '2', '2021-02-04', '2021-02-04 14:41:14', '2021-02-04 14:41:14');
INSERT INTO `worker_node` VALUES ('153', '192.168.2.170', '1612421120517-45393', '2', '2021-02-04', '2021-02-04 14:45:20', '2021-02-04 14:45:20');
INSERT INTO `worker_node` VALUES ('154', '192.168.2.170', '1612422778677-27399', '2', '2021-02-04', '2021-02-04 15:12:58', '2021-02-04 15:12:58');
INSERT INTO `worker_node` VALUES ('155', '192.168.2.170', '1612422885070-37057', '2', '2021-02-04', '2021-02-04 15:14:45', '2021-02-04 15:14:45');
INSERT INTO `worker_node` VALUES ('156', '192.168.2.170', '1612422988363-11531', '2', '2021-02-04', '2021-02-04 15:16:28', '2021-02-04 15:16:28');
INSERT INTO `worker_node` VALUES ('157', '192.168.2.170', '1612423435908-62767', '2', '2021-02-04', '2021-02-04 15:23:56', '2021-02-04 15:23:56');
INSERT INTO `worker_node` VALUES ('158', '192.168.2.170', '1612423512807-57746', '2', '2021-02-04', '2021-02-04 15:25:13', '2021-02-04 15:25:13');
INSERT INTO `worker_node` VALUES ('159', '192.168.2.170', '1612423591900-58855', '2', '2021-02-04', '2021-02-04 15:26:31', '2021-02-04 15:26:31');
INSERT INTO `worker_node` VALUES ('160', '192.168.2.170', '1612423683334-78481', '2', '2021-02-04', '2021-02-04 15:28:03', '2021-02-04 15:28:03');
INSERT INTO `worker_node` VALUES ('161', '192.168.2.170', '1612423732459-2115', '2', '2021-02-04', '2021-02-04 15:28:52', '2021-02-04 15:28:52');
INSERT INTO `worker_node` VALUES ('162', '192.168.2.170', '1612423907595-43780', '2', '2021-02-04', '2021-02-04 15:31:47', '2021-02-04 15:31:47');
INSERT INTO `worker_node` VALUES ('163', '192.168.2.170', '1612423983697-58995', '2', '2021-02-04', '2021-02-04 15:33:03', '2021-02-04 15:33:03');
INSERT INTO `worker_node` VALUES ('164', '192.168.2.170', '1612424253631-36623', '2', '2021-02-04', '2021-02-04 15:37:33', '2021-02-04 15:37:33');
INSERT INTO `worker_node` VALUES ('165', '192.168.2.170', '1612424424509-10261', '2', '2021-02-04', '2021-02-04 15:40:24', '2021-02-04 15:40:24');
INSERT INTO `worker_node` VALUES ('166', '192.168.2.170', '1612424509478-85893', '2', '2021-02-04', '2021-02-04 15:41:49', '2021-02-04 15:41:49');
INSERT INTO `worker_node` VALUES ('167', '192.168.2.170', '1612424900757-62284', '2', '2021-02-04', '2021-02-04 15:48:20', '2021-02-04 15:48:20');
INSERT INTO `worker_node` VALUES ('168', '192.168.2.170', '1612425089439-98671', '2', '2021-02-04', '2021-02-04 15:51:29', '2021-02-04 15:51:29');
INSERT INTO `worker_node` VALUES ('169', '192.168.2.170', '1612425990152-40946', '2', '2021-02-04', '2021-02-04 16:06:30', '2021-02-04 16:06:30');
INSERT INTO `worker_node` VALUES ('170', '192.168.2.170', '1612426113982-19730', '2', '2021-02-04', '2021-02-04 16:08:34', '2021-02-04 16:08:34');
INSERT INTO `worker_node` VALUES ('171', '192.168.2.170', '1612426355006-73752', '2', '2021-02-04', '2021-02-04 16:12:35', '2021-02-04 16:12:35');
INSERT INTO `worker_node` VALUES ('172', '192.168.2.170', '1612431310438-44990', '2', '2021-02-04', '2021-02-04 17:35:10', '2021-02-04 17:35:10');
INSERT INTO `worker_node` VALUES ('173', '192.168.2.170', '1612431516126-46059', '2', '2021-02-04', '2021-02-04 17:38:36', '2021-02-04 17:38:36');
INSERT INTO `worker_node` VALUES ('174', '192.168.2.170', '1612431682311-88939', '2', '2021-02-04', '2021-02-04 17:41:22', '2021-02-04 17:41:22');
INSERT INTO `worker_node` VALUES ('175', '192.168.2.170', '1612431821326-76090', '2', '2021-02-04', '2021-02-04 17:43:41', '2021-02-04 17:43:41');
INSERT INTO `worker_node` VALUES ('176', '192.168.2.170', '1612432037989-10910', '2', '2021-02-04', '2021-02-04 17:47:18', '2021-02-04 17:47:18');
INSERT INTO `worker_node` VALUES ('177', '192.168.2.170', '1612433422226-57516', '2', '2021-02-04', '2021-02-04 18:10:22', '2021-02-04 18:10:22');
INSERT INTO `worker_node` VALUES ('178', '192.168.2.170', '1612433582524-66234', '2', '2021-02-04', '2021-02-04 18:13:02', '2021-02-04 18:13:02');
INSERT INTO `worker_node` VALUES ('179', '192.168.2.170', '1612433717712-37594', '2', '2021-02-04', '2021-02-04 18:15:17', '2021-02-04 18:15:17');
INSERT INTO `worker_node` VALUES ('180', '192.168.2.170', '1612434113768-99120', '2', '2021-02-04', '2021-02-04 18:21:53', '2021-02-04 18:21:53');
INSERT INTO `worker_node` VALUES ('181', '192.168.2.170', '1612434325392-24165', '2', '2021-02-04', '2021-02-04 18:25:25', '2021-02-04 18:25:25');
INSERT INTO `worker_node` VALUES ('182', '192.168.2.170', '1612434523681-12250', '2', '2021-02-04', '2021-02-04 18:28:43', '2021-02-04 18:28:43');
INSERT INTO `worker_node` VALUES ('183', '192.168.2.170', '1612434679155-65607', '2', '2021-02-04', '2021-02-04 18:31:19', '2021-02-04 18:31:19');
INSERT INTO `worker_node` VALUES ('184', '192.168.2.170', '1612434815539-66915', '2', '2021-02-04', '2021-02-04 18:33:35', '2021-02-04 18:33:35');
INSERT INTO `worker_node` VALUES ('185', '192.168.2.170', '1612444762939-41877', '2', '2021-02-04', '2021-02-04 21:19:22', '2021-02-04 21:19:22');
INSERT INTO `worker_node` VALUES ('186', '192.168.2.170', '1612445019527-70583', '2', '2021-02-04', '2021-02-04 21:23:39', '2021-02-04 21:23:39');
INSERT INTO `worker_node` VALUES ('187', '192.168.2.170', '1612445110367-70340', '2', '2021-02-04', '2021-02-04 21:25:10', '2021-02-04 21:25:10');
INSERT INTO `worker_node` VALUES ('188', '192.168.2.170', '1612447043607-34956', '2', '2021-02-04', '2021-02-04 21:57:23', '2021-02-04 21:57:23');
INSERT INTO `worker_node` VALUES ('189', '192.168.2.170', '1612447130105-41260', '2', '2021-02-04', '2021-02-04 21:58:50', '2021-02-04 21:58:50');
INSERT INTO `worker_node` VALUES ('190', '192.168.2.170', '1612447505670-28550', '2', '2021-02-04', '2021-02-04 22:05:05', '2021-02-04 22:05:05');
INSERT INTO `worker_node` VALUES ('191', '192.168.2.170', '1612447572480-15023', '2', '2021-02-04', '2021-02-04 22:06:12', '2021-02-04 22:06:12');
INSERT INTO `worker_node` VALUES ('192', '192.168.2.170', '1612447624033-24272', '2', '2021-02-04', '2021-02-04 22:07:04', '2021-02-04 22:07:04');
INSERT INTO `worker_node` VALUES ('193', '192.168.2.170', '1612448233358-23065', '2', '2021-02-04', '2021-02-04 22:17:13', '2021-02-04 22:17:13');
INSERT INTO `worker_node` VALUES ('194', '192.168.2.170', '1612448283514-22882', '2', '2021-02-04', '2021-02-04 22:18:03', '2021-02-04 22:18:03');
INSERT INTO `worker_node` VALUES ('195', '192.168.2.170', '1612449320712-17388', '2', '2021-02-04', '2021-02-04 22:35:20', '2021-02-04 22:35:20');
INSERT INTO `worker_node` VALUES ('196', '192.168.2.170', '1612449417499-74365', '2', '2021-02-04', '2021-02-04 22:36:57', '2021-02-04 22:36:57');
INSERT INTO `worker_node` VALUES ('197', '192.168.2.170', '1612449696758-38533', '2', '2021-02-04', '2021-02-04 22:41:36', '2021-02-04 22:41:36');
INSERT INTO `worker_node` VALUES ('198', '192.168.2.170', '1612526658307-31102', '2', '2021-02-05', '2021-02-05 20:04:18', '2021-02-05 20:04:18');
INSERT INTO `worker_node` VALUES ('199', '192.168.2.170', '1612526829711-99140', '2', '2021-02-05', '2021-02-05 20:07:09', '2021-02-05 20:07:09');
INSERT INTO `worker_node` VALUES ('200', '192.168.2.170', '1612529005957-93065', '2', '2021-02-05', '2021-02-05 20:43:25', '2021-02-05 20:43:25');
INSERT INTO `worker_node` VALUES ('201', '192.168.2.170', '1612536335750-17779', '2', '2021-02-05', '2021-02-05 22:45:35', '2021-02-05 22:45:35');
INSERT INTO `worker_node` VALUES ('202', '192.168.2.170', '1612536553175-25193', '2', '2021-02-05', '2021-02-05 22:49:13', '2021-02-05 22:49:13');
INSERT INTO `worker_node` VALUES ('203', '192.168.2.170', '1612536679678-45742', '2', '2021-02-05', '2021-02-05 22:51:19', '2021-02-05 22:51:19');
INSERT INTO `worker_node` VALUES ('204', '192.168.2.170', '1612537215593-41988', '2', '2021-02-05', '2021-02-05 23:00:15', '2021-02-05 23:00:15');
INSERT INTO `worker_node` VALUES ('205', '192.168.2.170', '1612537482840-6813', '2', '2021-02-05', '2021-02-05 23:04:42', '2021-02-05 23:04:42');
INSERT INTO `worker_node` VALUES ('206', '192.168.2.170', '1612538218400-43321', '2', '2021-02-05', '2021-02-05 23:16:58', '2021-02-05 23:16:58');
INSERT INTO `worker_node` VALUES ('207', '192.168.2.170', '1612538286021-17750', '2', '2021-02-05', '2021-02-05 23:18:06', '2021-02-05 23:18:06');
INSERT INTO `worker_node` VALUES ('208', '192.168.2.170', '1612538527254-31745', '2', '2021-02-05', '2021-02-05 23:22:07', '2021-02-05 23:22:07');
INSERT INTO `worker_node` VALUES ('209', '192.168.2.170', '1612538904211-45798', '2', '2021-02-05', '2021-02-05 23:28:24', '2021-02-05 23:28:24');
INSERT INTO `worker_node` VALUES ('210', '192.168.2.170', '1612539609271-64204', '2', '2021-02-05', '2021-02-05 23:40:09', '2021-02-05 23:40:09');
INSERT INTO `worker_node` VALUES ('211', '192.168.2.170', '1612539875963-1841', '2', '2021-02-05', '2021-02-05 23:44:35', '2021-02-05 23:44:35');
INSERT INTO `worker_node` VALUES ('212', '192.168.2.170', '1612571516471-27020', '2', '2021-02-06', '2021-02-06 08:31:56', '2021-02-06 08:31:56');
INSERT INTO `worker_node` VALUES ('213', '192.168.2.170', '1612571675620-93348', '2', '2021-02-06', '2021-02-06 08:34:35', '2021-02-06 08:34:35');
INSERT INTO `worker_node` VALUES ('214', '192.168.2.170', '1612571894793-32596', '2', '2021-02-06', '2021-02-06 08:38:14', '2021-02-06 08:38:14');
INSERT INTO `worker_node` VALUES ('215', '192.168.2.170', '1612572026973-82359', '2', '2021-02-06', '2021-02-06 08:40:27', '2021-02-06 08:40:27');
INSERT INTO `worker_node` VALUES ('216', '192.168.2.170', '1612572618383-16045', '2', '2021-02-06', '2021-02-06 08:50:18', '2021-02-06 08:50:18');
INSERT INTO `worker_node` VALUES ('217', '192.168.2.170', '1612572801522-89011', '2', '2021-02-06', '2021-02-06 08:53:21', '2021-02-06 08:53:21');
INSERT INTO `worker_node` VALUES ('218', '192.168.2.170', '1612572916390-54933', '2', '2021-02-06', '2021-02-06 08:55:16', '2021-02-06 08:55:16');
INSERT INTO `worker_node` VALUES ('219', '192.168.2.170', '1612573324003-57482', '2', '2021-02-06', '2021-02-06 09:02:04', '2021-02-06 09:02:04');
INSERT INTO `worker_node` VALUES ('220', '192.168.2.170', '1612621367829-11000', '2', '2021-02-06', '2021-02-06 22:22:47', '2021-02-06 22:22:47');
INSERT INTO `worker_node` VALUES ('221', '192.168.2.170', '1612621573597-7530', '2', '2021-02-06', '2021-02-06 22:26:13', '2021-02-06 22:26:13');
INSERT INTO `worker_node` VALUES ('222', '192.168.2.170', '1612621906959-17358', '2', '2021-02-06', '2021-02-06 22:31:47', '2021-02-06 22:31:47');
INSERT INTO `worker_node` VALUES ('223', '192.168.2.170', '1612622077454-13321', '2', '2021-02-06', '2021-02-06 22:34:37', '2021-02-06 22:34:37');
INSERT INTO `worker_node` VALUES ('224', '192.168.2.170', '1612622143142-61984', '2', '2021-02-06', '2021-02-06 22:35:43', '2021-02-06 22:35:43');
INSERT INTO `worker_node` VALUES ('225', '192.168.2.170', '1612622260778-75112', '2', '2021-02-06', '2021-02-06 22:37:40', '2021-02-06 22:37:40');
INSERT INTO `worker_node` VALUES ('226', '192.168.2.170', '1612623024933-96042', '2', '2021-02-06', '2021-02-06 22:50:24', '2021-02-06 22:50:24');
INSERT INTO `worker_node` VALUES ('227', '192.168.2.170', '1612623279677-69331', '2', '2021-02-06', '2021-02-06 22:54:39', '2021-02-06 22:54:39');
INSERT INTO `worker_node` VALUES ('228', '192.168.2.170', '1613610189878-67051', '2', '2021-02-18', '2021-02-18 09:03:09', '2021-02-18 09:03:09');
INSERT INTO `worker_node` VALUES ('229', '192.168.2.170', '1613610289904-50609', '2', '2021-02-18', '2021-02-18 09:04:49', '2021-02-18 09:04:49');
INSERT INTO `worker_node` VALUES ('230', '192.168.2.170', '1613610809083-36693', '2', '2021-02-18', '2021-02-18 09:13:29', '2021-02-18 09:13:29');
INSERT INTO `worker_node` VALUES ('231', '192.168.2.170', '1613611020327-75284', '2', '2021-02-18', '2021-02-18 09:17:00', '2021-02-18 09:17:00');
INSERT INTO `worker_node` VALUES ('232', '192.168.2.170', '1613611130762-99264', '2', '2021-02-18', '2021-02-18 09:18:50', '2021-02-18 09:18:50');
INSERT INTO `worker_node` VALUES ('233', '192.168.2.170', '1613611253219-77934', '2', '2021-02-18', '2021-02-18 09:20:53', '2021-02-18 09:20:53');
INSERT INTO `worker_node` VALUES ('234', '192.168.2.170', '1613611433168-33625', '2', '2021-02-18', '2021-02-18 09:23:53', '2021-02-18 09:23:53');
INSERT INTO `worker_node` VALUES ('235', '192.168.2.170', '1613611854001-54764', '2', '2021-02-18', '2021-02-18 09:30:54', '2021-02-18 09:30:54');
INSERT INTO `worker_node` VALUES ('236', '192.168.2.170', '1613612134975-41303', '2', '2021-02-18', '2021-02-18 09:35:35', '2021-02-18 09:35:35');
INSERT INTO `worker_node` VALUES ('237', '192.168.2.170', '1613612298139-73832', '2', '2021-02-18', '2021-02-18 09:38:18', '2021-02-18 09:38:18');
INSERT INTO `worker_node` VALUES ('238', '192.168.2.170', '1613648819276-89504', '2', '2021-02-18', '2021-02-18 19:46:59', '2021-02-18 19:46:59');
INSERT INTO `worker_node` VALUES ('239', '192.168.2.170', '1613649045117-60960', '2', '2021-02-18', '2021-02-18 19:50:45', '2021-02-18 19:50:45');
INSERT INTO `worker_node` VALUES ('240', '192.168.2.170', '1613649122508-82387', '2', '2021-02-18', '2021-02-18 19:52:02', '2021-02-18 19:52:02');
INSERT INTO `worker_node` VALUES ('241', '192.168.2.170', '1613649288411-34311', '2', '2021-02-18', '2021-02-18 19:54:48', '2021-02-18 19:54:48');
INSERT INTO `worker_node` VALUES ('242', '192.168.2.170', '1613649377779-19055', '2', '2021-02-18', '2021-02-18 19:56:17', '2021-02-18 19:56:17');
INSERT INTO `worker_node` VALUES ('243', '192.168.2.170', '1613650508212-49702', '2', '2021-02-18', '2021-02-18 20:15:08', '2021-02-18 20:15:08');
INSERT INTO `worker_node` VALUES ('244', '192.168.2.170', '1613651320135-702', '2', '2021-02-18', '2021-02-18 20:28:40', '2021-02-18 20:28:40');
INSERT INTO `worker_node` VALUES ('245', '192.168.2.170', '1613653746453-95351', '2', '2021-02-18', '2021-02-18 21:09:06', '2021-02-18 21:09:06');
INSERT INTO `worker_node` VALUES ('246', '192.168.2.170', '1613655359270-33629', '2', '2021-02-18', '2021-02-18 21:35:59', '2021-02-18 21:35:59');
INSERT INTO `worker_node` VALUES ('247', '192.168.2.170', '1613655582315-14429', '2', '2021-02-18', '2021-02-18 21:39:42', '2021-02-18 21:39:42');
INSERT INTO `worker_node` VALUES ('248', '192.168.2.170', '1613656232898-22739', '2', '2021-02-18', '2021-02-18 21:50:32', '2021-02-18 21:50:32');
INSERT INTO `worker_node` VALUES ('249', '192.168.2.170', '1613656481356-20101', '2', '2021-02-18', '2021-02-18 21:54:41', '2021-02-18 21:54:41');
INSERT INTO `worker_node` VALUES ('250', '192.168.2.170', '1613657287228-83320', '2', '2021-02-18', '2021-02-18 22:08:07', '2021-02-18 22:08:07');
INSERT INTO `worker_node` VALUES ('251', '192.168.2.170', '1613657337935-79947', '2', '2021-02-18', '2021-02-18 22:08:57', '2021-02-18 22:08:57');
INSERT INTO `worker_node` VALUES ('252', '192.168.2.170', '1613657474915-73044', '2', '2021-02-18', '2021-02-18 22:11:14', '2021-02-18 22:11:14');
INSERT INTO `worker_node` VALUES ('253', '192.168.2.170', '1613657703355-7090', '2', '2021-02-18', '2021-02-18 22:15:03', '2021-02-18 22:15:03');
INSERT INTO `worker_node` VALUES ('254', '192.168.2.170', '1613658186217-90562', '2', '2021-02-18', '2021-02-18 22:23:06', '2021-02-18 22:23:06');
INSERT INTO `worker_node` VALUES ('255', '192.168.2.170', '1613660022902-64012', '2', '2021-02-18', '2021-02-18 22:53:42', '2021-02-18 22:53:42');
INSERT INTO `worker_node` VALUES ('256', '192.168.2.170', '1613660358035-68461', '2', '2021-02-18', '2021-02-18 22:59:18', '2021-02-18 22:59:18');
INSERT INTO `worker_node` VALUES ('257', '192.168.2.170', '1613660517574-21009', '2', '2021-02-18', '2021-02-18 23:01:57', '2021-02-18 23:01:57');
INSERT INTO `worker_node` VALUES ('258', '192.168.2.170', '1613660585131-8369', '2', '2021-02-18', '2021-02-18 23:03:05', '2021-02-18 23:03:05');
INSERT INTO `worker_node` VALUES ('259', '192.168.2.170', '1613660996813-82079', '2', '2021-02-18', '2021-02-18 23:09:56', '2021-02-18 23:09:56');
INSERT INTO `worker_node` VALUES ('260', '192.168.2.170', '1613661046826-38367', '2', '2021-02-18', '2021-02-18 23:10:46', '2021-02-18 23:10:46');
INSERT INTO `worker_node` VALUES ('261', '192.168.2.170', '1613661110269-58339', '2', '2021-02-18', '2021-02-18 23:11:50', '2021-02-18 23:11:50');
INSERT INTO `worker_node` VALUES ('262', '192.168.2.170', '1613661205619-13975', '2', '2021-02-18', '2021-02-18 23:13:25', '2021-02-18 23:13:25');
INSERT INTO `worker_node` VALUES ('263', '192.168.2.170', '1613661321855-48688', '2', '2021-02-18', '2021-02-18 23:15:21', '2021-02-18 23:15:21');
INSERT INTO `worker_node` VALUES ('264', '192.168.2.170', '1613661428425-400', '2', '2021-02-18', '2021-02-18 23:17:08', '2021-02-18 23:17:08');
INSERT INTO `worker_node` VALUES ('265', '192.168.2.170', '1613661506344-79587', '2', '2021-02-18', '2021-02-18 23:18:26', '2021-02-18 23:18:26');
INSERT INTO `worker_node` VALUES ('266', '192.168.2.170', '1613661540288-92155', '2', '2021-02-18', '2021-02-18 23:19:00', '2021-02-18 23:19:00');
INSERT INTO `worker_node` VALUES ('267', '192.168.2.170', '1613661761898-10888', '2', '2021-02-18', '2021-02-18 23:22:41', '2021-02-18 23:22:41');
INSERT INTO `worker_node` VALUES ('268', '192.168.2.170', '1613661876754-88672', '2', '2021-02-18', '2021-02-18 23:24:36', '2021-02-18 23:24:36');
INSERT INTO `worker_node` VALUES ('269', '192.168.2.170', '1613661915531-94106', '2', '2021-02-18', '2021-02-18 23:25:15', '2021-02-18 23:25:15');
INSERT INTO `worker_node` VALUES ('270', '192.168.2.170', '1613662104074-93076', '2', '2021-02-18', '2021-02-18 23:28:24', '2021-02-18 23:28:24');
INSERT INTO `worker_node` VALUES ('271', '192.168.2.170', '1613662191109-78955', '2', '2021-02-18', '2021-02-18 23:29:51', '2021-02-18 23:29:51');
INSERT INTO `worker_node` VALUES ('272', '192.168.2.170', '1613662513169-92271', '2', '2021-02-18', '2021-02-18 23:35:13', '2021-02-18 23:35:13');
INSERT INTO `worker_node` VALUES ('273', '192.168.2.170', '1613662671213-22621', '2', '2021-02-18', '2021-02-18 23:37:51', '2021-02-18 23:37:51');
INSERT INTO `worker_node` VALUES ('274', '192.168.2.170', '1613662850819-53746', '2', '2021-02-18', '2021-02-18 23:40:50', '2021-02-18 23:40:50');
INSERT INTO `worker_node` VALUES ('275', '192.168.2.170', '1613662892147-6678', '2', '2021-02-18', '2021-02-18 23:41:32', '2021-02-18 23:41:32');
INSERT INTO `worker_node` VALUES ('276', '192.168.2.170', '1613664233819-539', '2', '2021-02-19', '2021-02-19 00:03:53', '2021-02-19 00:03:53');
INSERT INTO `worker_node` VALUES ('277', '192.168.2.170', '1613664330019-51688', '2', '2021-02-19', '2021-02-19 00:05:30', '2021-02-19 00:05:30');
INSERT INTO `worker_node` VALUES ('278', '192.168.2.170', '1613664467839-64872', '2', '2021-02-19', '2021-02-19 00:07:47', '2021-02-19 00:07:47');
INSERT INTO `worker_node` VALUES ('279', '192.168.2.170', '1613664531179-36246', '2', '2021-02-19', '2021-02-19 00:08:51', '2021-02-19 00:08:51');
INSERT INTO `worker_node` VALUES ('280', '192.168.2.170', '1613706317651-92198', '2', '2021-02-19', '2021-02-19 11:45:17', '2021-02-19 11:45:17');
INSERT INTO `worker_node` VALUES ('281', '192.168.2.170', '1613707171841-42916', '2', '2021-02-19', '2021-02-19 11:59:31', '2021-02-19 11:59:31');
INSERT INTO `worker_node` VALUES ('282', '192.168.2.170', '1613707257466-78243', '2', '2021-02-19', '2021-02-19 12:00:57', '2021-02-19 12:00:57');
INSERT INTO `worker_node` VALUES ('283', '192.168.2.170', '1613707321272-99399', '2', '2021-02-19', '2021-02-19 12:02:01', '2021-02-19 12:02:01');
INSERT INTO `worker_node` VALUES ('284', '192.168.2.170', '1613707410018-50289', '2', '2021-02-19', '2021-02-19 12:03:30', '2021-02-19 12:03:30');
INSERT INTO `worker_node` VALUES ('285', '192.168.2.170', '1613712803636-25128', '2', '2021-02-19', '2021-02-19 13:33:23', '2021-02-19 13:33:23');
INSERT INTO `worker_node` VALUES ('286', '192.168.2.170', '1613712960553-81879', '2', '2021-02-19', '2021-02-19 13:36:00', '2021-02-19 13:36:00');
INSERT INTO `worker_node` VALUES ('287', '192.168.2.170', '1613713142057-96629', '2', '2021-02-19', '2021-02-19 13:39:02', '2021-02-19 13:39:02');
INSERT INTO `worker_node` VALUES ('288', '192.168.2.170', '1613713388242-75539', '2', '2021-02-19', '2021-02-19 13:43:08', '2021-02-19 13:43:08');
INSERT INTO `worker_node` VALUES ('289', '192.168.2.170', '1613714182505-33410', '2', '2021-02-19', '2021-02-19 13:56:22', '2021-02-19 13:56:22');
INSERT INTO `worker_node` VALUES ('290', '192.168.2.170', '1613714546261-76450', '2', '2021-02-19', '2021-02-19 14:02:26', '2021-02-19 14:02:26');
INSERT INTO `worker_node` VALUES ('291', '192.168.2.170', '1613714643406-83007', '2', '2021-02-19', '2021-02-19 14:04:03', '2021-02-19 14:04:03');
INSERT INTO `worker_node` VALUES ('292', '192.168.2.170', '1613714739033-74440', '2', '2021-02-19', '2021-02-19 14:05:39', '2021-02-19 14:05:39');
INSERT INTO `worker_node` VALUES ('293', '192.168.2.170', '1613714860860-72073', '2', '2021-02-19', '2021-02-19 14:07:40', '2021-02-19 14:07:40');
INSERT INTO `worker_node` VALUES ('294', '192.168.2.170', '1613715112810-87660', '2', '2021-02-19', '2021-02-19 14:11:52', '2021-02-19 14:11:52');
INSERT INTO `worker_node` VALUES ('295', '192.168.2.170', '1613715393405-61092', '2', '2021-02-19', '2021-02-19 14:16:33', '2021-02-19 14:16:33');
INSERT INTO `worker_node` VALUES ('296', '192.168.2.170', '1613715843886-79315', '2', '2021-02-19', '2021-02-19 14:24:03', '2021-02-19 14:24:03');
INSERT INTO `worker_node` VALUES ('297', '192.168.2.170', '1613715936488-84739', '2', '2021-02-19', '2021-02-19 14:25:36', '2021-02-19 14:25:36');
INSERT INTO `worker_node` VALUES ('298', '192.168.2.170', '1613716266670-76668', '2', '2021-02-19', '2021-02-19 14:31:06', '2021-02-19 14:31:06');
INSERT INTO `worker_node` VALUES ('299', '192.168.2.170', '1613716529000-81342', '2', '2021-02-19', '2021-02-19 14:35:29', '2021-02-19 14:35:29');
INSERT INTO `worker_node` VALUES ('300', '192.168.2.170', '1613717693141-47283', '2', '2021-02-19', '2021-02-19 14:54:53', '2021-02-19 14:54:53');
INSERT INTO `worker_node` VALUES ('301', '192.168.2.170', '1613718137739-14826', '2', '2021-02-19', '2021-02-19 15:02:17', '2021-02-19 15:02:17');
INSERT INTO `worker_node` VALUES ('302', '192.168.2.170', '1613718625413-53591', '2', '2021-02-19', '2021-02-19 15:10:25', '2021-02-19 15:10:25');
INSERT INTO `worker_node` VALUES ('303', '192.168.2.170', '1613720139683-91708', '2', '2021-02-19', '2021-02-19 15:35:39', '2021-02-19 15:35:39');
INSERT INTO `worker_node` VALUES ('304', '192.168.2.170', '1613720334668-70659', '2', '2021-02-19', '2021-02-19 15:38:54', '2021-02-19 15:38:54');
INSERT INTO `worker_node` VALUES ('305', '192.168.2.170', '1613720650685-41100', '2', '2021-02-19', '2021-02-19 15:44:10', '2021-02-19 15:44:10');
INSERT INTO `worker_node` VALUES ('306', '192.168.2.170', '1613720751505-62759', '2', '2021-02-19', '2021-02-19 15:45:51', '2021-02-19 15:45:51');
INSERT INTO `worker_node` VALUES ('307', '192.168.2.170', '1613720783223-95573', '2', '2021-02-19', '2021-02-19 15:46:23', '2021-02-19 15:46:23');
INSERT INTO `worker_node` VALUES ('308', '192.168.2.170', '1613720839132-88871', '2', '2021-02-19', '2021-02-19 15:47:19', '2021-02-19 15:47:19');
INSERT INTO `worker_node` VALUES ('309', '192.168.2.170', '1613721138854-33934', '2', '2021-02-19', '2021-02-19 15:52:18', '2021-02-19 15:52:18');
INSERT INTO `worker_node` VALUES ('310', '192.168.2.170', '1613721197398-41066', '2', '2021-02-19', '2021-02-19 15:53:17', '2021-02-19 15:53:17');
INSERT INTO `worker_node` VALUES ('311', '192.168.2.170', '1613721371111-93332', '2', '2021-02-19', '2021-02-19 15:56:11', '2021-02-19 15:56:11');
INSERT INTO `worker_node` VALUES ('312', '192.168.2.170', '1613721566016-27363', '2', '2021-02-19', '2021-02-19 15:59:26', '2021-02-19 15:59:26');
INSERT INTO `worker_node` VALUES ('313', '192.168.2.170', '1613721715951-51753', '2', '2021-02-19', '2021-02-19 16:01:55', '2021-02-19 16:01:55');
INSERT INTO `worker_node` VALUES ('314', '192.168.2.170', '1613722189455-80363', '2', '2021-02-19', '2021-02-19 16:09:49', '2021-02-19 16:09:49');
INSERT INTO `worker_node` VALUES ('315', '192.168.2.170', '1613722264921-60269', '2', '2021-02-19', '2021-02-19 16:11:04', '2021-02-19 16:11:04');
INSERT INTO `worker_node` VALUES ('316', '192.168.2.170', '1613722379056-89746', '2', '2021-02-19', '2021-02-19 16:12:59', '2021-02-19 16:12:59');
INSERT INTO `worker_node` VALUES ('317', '192.168.2.170', '1613723313901-72641', '2', '2021-02-19', '2021-02-19 16:28:33', '2021-02-19 16:28:33');
INSERT INTO `worker_node` VALUES ('318', '192.168.2.170', '1613723438736-90352', '2', '2021-02-19', '2021-02-19 16:30:38', '2021-02-19 16:30:38');
INSERT INTO `worker_node` VALUES ('319', '192.168.2.170', '1613723664165-58110', '2', '2021-02-19', '2021-02-19 16:34:24', '2021-02-19 16:34:24');
INSERT INTO `worker_node` VALUES ('320', '192.168.2.170', '1613723814971-43363', '2', '2021-02-19', '2021-02-19 16:36:55', '2021-02-19 16:36:55');
INSERT INTO `worker_node` VALUES ('321', '192.168.2.170', '1613723906164-77397', '2', '2021-02-19', '2021-02-19 16:38:26', '2021-02-19 16:38:26');
INSERT INTO `worker_node` VALUES ('322', '192.168.2.170', '1613723947547-18231', '2', '2021-02-19', '2021-02-19 16:39:07', '2021-02-19 16:39:07');
INSERT INTO `worker_node` VALUES ('323', '192.168.2.170', '1613737728054-7641', '2', '2021-02-19', '2021-02-19 20:28:48', '2021-02-19 20:28:48');
INSERT INTO `worker_node` VALUES ('324', '192.168.2.170', '1613737885337-97463', '2', '2021-02-19', '2021-02-19 20:31:25', '2021-02-19 20:31:25');
INSERT INTO `worker_node` VALUES ('325', '192.168.2.170', '1613739912054-80359', '2', '2021-02-19', '2021-02-19 21:05:12', '2021-02-19 21:05:12');
